event_type,latency_ms
miss,7.6885
miss,4.4012
miss,6.4607
miss,5.0275
miss,9.4755
miss,10.6382
miss,4.3883
miss,13.0143
miss,4.3373
miss,4.761
miss,10.5133
miss,8.136
miss,9.3946
hit,0.4075
miss,7.668
hit,0.3388
hit,0.3643
miss,4.9038
miss,5.2299
miss,6.1893
miss,11.1899
miss,5.908
miss,5.167
miss,7.1273
miss,9.0551
miss,11.4162
miss,4.035
hit,0.3514
hit,0.3548
miss,6.5467
hit,0.3393
miss,3.5052
hit,0.3958
hit,0.4287
miss,4.9284
miss,4.5164
miss,4.6914
miss,4.9574
hit,0.4179
hit,0.5915
miss,4.7376
hit,0.4067
miss,4.6604
hit,0.3362
miss,4.6217
hit,0.6192
hit,0.402
hit,0.3469
miss,3.7572
hit,0.2978
hit,0.3045
hit,0.3774
hit,0.4036
hit,0.4361
hit,0.3724
miss,10.9928
miss,6.3834
hit,0.3765
hit,0.3061
miss,12.6574
hit,0.2964
miss,3.6647
miss,4.838
hit,0.3092
hit,0.3119
miss,13.9616
miss,3.3731
miss,11.3721
miss,6.9304
miss,8.2753
miss,13.9463
hit,0.3679
hit,0.4117
hit,0.6185
hit,1.4439
hit,0.3943
hit,0.7355
hit,0.3862
miss,11.9336
miss,2.9254
miss,2.9798
hit,0.2606
hit,0.2904
miss,4.5121
hit,0.3781
miss,8.2009
miss,4.1647
hit,0.3159
hit,0.3793
hit,0.9851
hit,0.4158
miss,19.2232
hit,0.2689
hit,0.3262
miss,7.4089
hit,1.3425
hit,1.4143
miss,25.0251
miss,6.0685
hit,0.7298
hit,0.3941
hit,0.7463
miss,11.8525
miss,7.2775
hit,0.356
hit,0.4327
hit,0.7701
hit,0.4451
miss,5.8131
miss,6.4819
hit,0.319
miss,10.4265
hit,0.3185
miss,6.1023
hit,0.8659
hit,0.8447
hit,0.3033
hit,0.7749
hit,0.7291
hit,0.896
hit,0.3042
hit,0.6084
hit,1.596
miss,15.2733
hit,2.6896
hit,0.5751
hit,0.7846
miss,16.969
hit,0.2627
hit,1.5099
hit,0.2975
hit,0.3741
hit,0.8466
miss,17.6051
miss,13.4742
miss,2.907
hit,0.2432
hit,0.2613
hit,0.6173
hit,1.5728
hit,0.7582
hit,0.9096
miss,7.3395
hit,0.4954
hit,0.3941
hit,0.3402
hit,0.8712
hit,2.7652
hit,0.3643
hit,1.4095
hit,0.3483
hit,0.3078
hit,0.5343
hit,0.5488
miss,16.1047
miss,22.7842
hit,0.2759
hit,0.273
hit,0.3183
hit,0.7508
hit,0.3104
hit,0.3097
hit,0.3176
hit,1.0822
hit,1.1256
hit,1.0591
hit,0.3307
hit,2.574
hit,0.3242
hit,0.3307
hit,2.1462
hit,1.1232
miss,3.0999
hit,0.3049
hit,1.1349
hit,0.7653
hit,0.3145
hit,2.7223
hit,1.085
hit,0.3438
miss,17.7159
hit,0.9534
hit,0.7026
hit,0.3877
hit,0.3402
miss,4.3218
hit,0.2999
hit,0.4125
miss,3.927
hit,0.3793
hit,0.3943
hit,0.3126
hit,0.5863
hit,1.4954
hit,1.8363
hit,0.3831
hit,0.7677
hit,0.3991
hit,0.803
hit,0.3183
miss,14.1642
hit,0.2773
miss,13.9098
hit,0.2754
miss,21.8847
hit,0.4213
hit,0.3245
hit,0.4125
hit,1.8497
hit,0.3252
hit,0.9675
hit,0.3195
hit,0.7563
hit,0.3464
miss,2.9302
hit,0.2434
hit,0.2899
miss,15.3105
hit,0.4432
hit,1.7009
miss,5.7743
hit,0.2894
hit,0.7064
hit,0.3417
miss,4.3046
hit,0.5083
hit,0.5646
miss,4.0448
hit,0.3109
hit,0.3133
miss,10.8621
hit,0.2911
hit,0.3071
hit,0.3419
hit,0.3359
hit,0.3562
miss,3.6831
miss,3.6943
hit,0.932
hit,0.4604
hit,0.3092
hit,0.6766
hit,1.7197
hit,1.1032
hit,2.0075
hit,0.9124
hit,0.3116
hit,0.2646
hit,0.2458
hit,0.258
hit,2.459
hit,2.3501
hit,0.3283
hit,0.3116
hit,0.3114
hit,0.2921
hit,0.3462
hit,0.3166
hit,1.8961
miss,19.4037
hit,0.942
miss,3.664
hit,0.3145
hit,2.2631
hit,0.3819
hit,0.3645
hit,0.9141
hit,0.4001
hit,0.3579
hit,0.4196
hit,1.4625
hit,0.4225
hit,1.2839
hit,1.9772
hit,0.7563
hit,0.4025
miss,19.9676
hit,0.2778
hit,0.3483
miss,13.9525
hit,0.2549
hit,1.0381
hit,0.3123
hit,0.3216
hit,0.3312
hit,0.2611
hit,0.3994
miss,3.1598
hit,0.5426
hit,0.3333
hit,0.3161
hit,1.5318
hit,0.3259
hit,0.6816
hit,2.1498
hit,2.3913
hit,0.808
hit,0.3006
miss,11.523
miss,7.8552
hit,1.3654
hit,2.1453
hit,0.751
hit,0.3288
hit,0.2792
hit,0.2601
hit,0.5934
miss,3.7293
hit,0.315
hit,0.4289
hit,0.3664
hit,0.3664
hit,0.5672
hit,0.4466
hit,0.4168
hit,0.3402
hit,0.33
hit,0.442
hit,0.747
hit,2.4028
hit,0.824
hit,0.3564
hit,0.7448
hit,0.4921
hit,0.3593
miss,5.6522
hit,0.3216
hit,0.9689
hit,0.3302
hit,0.3276
hit,0.3483
hit,0.3176
hit,0.9341
hit,0.596
hit,0.3269
hit,0.3417
miss,12.727
hit,0.3047
hit,0.5972
hit,0.3314
miss,12.1832
hit,0.7272
hit,0.4709
hit,0.4368
hit,0.3939
hit,0.4871
hit,0.7238
hit,0.556
hit,0.6013
hit,0.4447
hit,0.4785
hit,0.5283
hit,0.4709
hit,0.7288
hit,0.4127
hit,0.3686
hit,0.4375
hit,0.5031
hit,0.3195
hit,0.3643
hit,0.4334
hit,0.4852
hit,1.0941
hit,0.5364
hit,0.6106
hit,0.4408
hit,0.3865
hit,0.3548
hit,0.4058
hit,0.5755
hit,2.6114
hit,0.3667
hit,0.3598
hit,0.3612
hit,0.3452
hit,0.3374
hit,0.3235
hit,0.345
hit,0.3293
hit,0.6032
hit,0.654
hit,0.335
hit,1.1365
hit,0.3135
hit,0.3192
hit,0.3586
hit,1.0996
hit,0.3891
hit,0.3438
hit,0.3622
hit,0.308
hit,0.3419
hit,1.0777
hit,0.325
hit,1.5624
hit,0.4451
hit,0.3388
hit,0.3266
hit,0.309
hit,1.5471
miss,12.8586
hit,0.294
hit,0.6776
hit,1.8041
hit,0.9763
hit,0.3278
hit,0.3068
hit,0.3409
hit,0.6635
hit,0.3011
hit,0.2849
miss,2.9874
hit,0.2367
hit,0.2494
hit,0.391
hit,2.2171
hit,0.3595
hit,0.3953
hit,0.4168
hit,0.5121
hit,0.3517
hit,0.344
hit,0.3459
hit,0.3543
hit,0.3073
hit,0.9983
hit,0.2854
hit,0.3133
hit,0.7064
hit,3.0224
miss,24.8637
hit,0.2484
hit,1.8864
hit,0.3426
hit,0.3419
hit,0.3002
hit,0.504
hit,0.298
hit,0.3016
hit,0.2546
hit,0.2627
hit,0.6762
hit,0.2773
hit,0.2768
hit,0.2983
hit,0.9108
hit,0.8996
hit,0.2873
miss,6.8762
hit,0.2925
hit,0.7465
hit,0.5798
hit,0.3705
hit,0.7813
hit,0.9499
hit,2.0187
hit,0.2892
hit,1.267
hit,0.3786
hit,0.3304
hit,0.3126
miss,3.8881
hit,0.9379
hit,0.494
hit,1.637
hit,0.9842
hit,0.3402
hit,0.8433
hit,0.3107
hit,0.3176
hit,0.3331
hit,0.489
hit,0.4537
hit,0.669
hit,2.5122
hit,0.9232
hit,0.7668
hit,0.6986
hit,0.3009
hit,0.689
hit,1.035
hit,0.2961
hit,0.7365
hit,0.7863
hit,0.3014
hit,0.6039
hit,0.6628
hit,0.6511
hit,2.1398
hit,0.3705
hit,2.6665
hit,0.7241
hit,0.3214
hit,2.0628
hit,0.3011
hit,1.9979
hit,0.3009
hit,0.3097
hit,0.2809
hit,0.6864
miss,24.9469
hit,0.3173
hit,2.0576
hit,0.3302
hit,0.3164
hit,1.6518
hit,0.7968
hit,2.4874
hit,1.8938
hit,0.4032
hit,0.387
hit,0.8166
hit,0.443
hit,2.5196
hit,0.4427
hit,0.8118
hit,0.5715
hit,0.3655
hit,1.1637
hit,0.808
hit,0.3245
hit,0.3486
hit,0.761
hit,0.33
hit,0.314
hit,0.3011
hit,0.9432
hit,0.7381
hit,0.2975
hit,0.864
hit,0.3228
hit,0.7317
hit,0.3738
hit,0.7582
hit,0.3362
hit,0.3042
hit,0.5028
hit,2.3911
hit,0.3035
hit,0.3033
hit,0.3462
hit,0.617
hit,0.2987
hit,0.2885
hit,0.2549
hit,0.248
hit,0.273
hit,0.2785
hit,0.6762
hit,0.7002
hit,1.3034
hit,0.3252
hit,0.6764
hit,0.7317
hit,1.8046
hit,0.7508
hit,1.087
hit,0.9441
hit,0.2942
miss,25.3832
hit,0.2978
hit,0.7212
hit,0.4416
hit,0.3607
hit,0.4306
miss,3.3984
hit,1.4262
hit,0.6971
hit,0.4578
hit,0.4573
hit,0.7305
hit,0.3021
hit,0.9809
hit,3.7966
hit,0.3374
hit,0.7348
hit,1.7588
hit,0.8621
hit,0.7536
hit,0.3016
hit,0.7627
hit,2.0244
hit,0.3035
hit,0.8636
hit,0.7374
hit,0.3426
hit,0.3111
hit,1.9839
hit,1.2429
hit,1.6029
hit,0.3965
hit,0.3369
hit,0.3242
hit,1.0309
hit,0.308
hit,0.8357
hit,0.3736
hit,0.3479
hit,0.3362
hit,0.2868
hit,0.2611
hit,0.2959
miss,4.9105
hit,0.9322
hit,0.33
hit,0.9348
hit,0.8428
miss,13.5274
hit,0.8733
hit,0.3145
hit,0.335
hit,0.2918
hit,0.3738
hit,0.315
hit,0.2661
hit,0.2635
hit,0.2439
hit,0.2515
hit,2.0359
hit,0.3474
hit,0.3238
hit,0.8655
hit,0.8056
hit,0.3655
hit,0.3321
hit,0.8645
hit,0.4339
hit,0.4201
hit,0.3312
hit,0.4551
hit,0.3512
hit,0.6907
hit,0.7124
hit,0.6726
hit,1.035
hit,0.3879
hit,0.2923
hit,0.3345
hit,1.1117
hit,1.6153
hit,0.9868
hit,1.0512
hit,0.289
hit,0.34
hit,0.3178
hit,0.3381
hit,0.365
hit,0.3088
hit,1.9159
hit,0.3467
hit,1.914
hit,0.3231
hit,1.8885
hit,0.324
hit,0.3281
hit,0.339
hit,0.3667
hit,0.3238
hit,0.4272
hit,2.1996
hit,0.2985
hit,0.2668
hit,0.3192
hit,0.3235
hit,0.3185
hit,0.3452
hit,0.5553
hit,0.3216
hit,0.3831
hit,0.3228
hit,0.7577
hit,0.3111
hit,0.4051
hit,0.3335
hit,0.7601
hit,0.3312
hit,0.3221
miss,17.6055
hit,1.5855
hit,0.6733
hit,0.3893
hit,0.4077
hit,0.3455
hit,0.4654
hit,1.3523
hit,0.3333
hit,0.3054
hit,0.4189
hit,0.4737
hit,0.5858
hit,0.3538
hit,0.309
hit,0.3533
hit,0.7012
hit,0.3374
hit,0.3309
hit,0.3464
hit,0.8628
hit,0.3386
hit,0.293
hit,0.8068
hit,0.3195
hit,0.8826
hit,0.3333
hit,0.3283
hit,0.3107
hit,0.2835
hit,0.3071
miss,12.9466
hit,0.7646
hit,0.3824
miss,14.5831
hit,0.2704
hit,0.7477
hit,1.8418
hit,0.32
hit,0.2713
hit,2.2678
hit,0.3734
hit,0.3216
hit,1.3349
hit,0.3364
hit,1.4231
hit,1.0858
hit,0.4818
hit,1.1055
hit,0.4909
hit,0.3963
hit,1.9922
hit,0.3271
hit,0.2983
hit,0.2887
hit,0.2992
hit,0.4187
hit,0.9828
hit,0.952
hit,0.4582
hit,0.3433
hit,0.4203
hit,0.3903
hit,0.3545
hit,0.6824
hit,0.3331
hit,0.3605
hit,0.8025
hit,0.4172
hit,1.9276
hit,0.3867
hit,0.3886
hit,0.474
hit,0.5715
hit,0.8547
hit,0.8373
hit,0.4609
hit,0.3695
miss,3.4952
hit,0.2527
hit,0.3314
hit,1.5242
hit,0.3433
hit,0.3049
hit,0.8993
hit,0.2611
hit,0.4444
hit,0.3402
hit,0.3369
hit,0.3452
hit,0.2947
hit,1.8649
hit,0.6475
hit,0.695
hit,1.3711
hit,0.3178
hit,2.5814
hit,0.9353
hit,0.3297
hit,0.2975
hit,0.3002
hit,0.3276
hit,0.2871
hit,0.381
hit,0.3486
hit,0.4394
hit,0.8187
hit,0.3936
hit,0.3538
hit,0.3037
hit,0.4268
hit,0.4454
hit,0.3295
hit,0.2952
hit,0.3307
hit,1.0378
hit,0.4385
hit,0.335
hit,0.3455
hit,0.3157
hit,0.3355
hit,0.3369
hit,0.3631
hit,0.701
hit,1.0579
hit,0.3493
hit,0.2935
hit,0.3214
hit,1.1828
hit,0.3235
hit,0.7827
hit,0.2897
hit,2.1305
hit,0.3264
hit,0.3576
hit,2.2268
hit,2.1753
hit,0.4163
hit,0.3352
hit,0.3669
hit,2.4254
hit,0.8287
hit,0.3164
hit,0.3309
hit,0.3216
hit,0.3328
hit,0.3109
hit,0.9472
hit,0.2992
hit,0.33
hit,0.3519
hit,0.9394
hit,0.3052
hit,0.9935
hit,0.294
hit,0.2768
hit,0.2534
hit,0.2425
hit,0.2871
hit,0.2887
hit,0.3304
hit,0.6418
hit,2.295
hit,1.7583
hit,0.3564
hit,0.3843
hit,0.3052
hit,0.3188
hit,0.5107
hit,0.7839
hit,0.8852
hit,2.4922
hit,0.6897
hit,0.3109
hit,0.7
hit,0.3114
hit,0.9358
hit,0.3045
hit,0.2973
hit,0.2806
hit,0.8523
hit,1.6196
hit,0.8645
hit,0.2916
hit,0.9432
hit,0.2947
hit,0.2847
hit,0.2813
hit,0.6897
hit,0.8163
hit,0.6437
hit,0.9134
hit,0.9308
hit,0.6449
hit,1.0505
hit,0.2968
hit,1.0505
hit,0.9677
hit,0.6971
hit,0.3424
hit,0.3431
hit,0.2916
hit,0.886
hit,0.3107
hit,0.2618
hit,0.2582
hit,0.2377
hit,2.0421
hit,2.5249
hit,0.3018
hit,0.3283
hit,0.3102
hit,0.3157
hit,0.5157
hit,0.9367
hit,0.4511
hit,0.417
hit,0.7939
hit,0.355
hit,0.752
hit,1.2391
hit,1.2274
hit,0.386
hit,0.4241
hit,0.3445
hit,0.7696
hit,0.4094
hit,0.3388
hit,0.7143
hit,0.6533
hit,0.3593
hit,0.8855
hit,1.7357
hit,1.6878
hit,1.9038
hit,1.4305
hit,2.4676
hit,1.6353
hit,1.0107
hit,1.5638
hit,0.2975
hit,0.2534
hit,1.5602
hit,0.4935
hit,0.5558
hit,0.3817
hit,0.3731
hit,0.8607
hit,0.8492
hit,0.8397
hit,0.6685
hit,0.3572
hit,3.1092
hit,0.6847
hit,1.4806
hit,2.0239
hit,0.2921
hit,1.4422
hit,0.9665
miss,4.2238
hit,0.3595
hit,0.437
hit,1.2925
hit,0.4923
hit,0.3879
hit,0.3531
hit,0.4461
hit,1.8296
hit,0.5128
hit,1.2012
hit,0.3481
hit,0.32
hit,0.8636
hit,0.3431
hit,0.3312
hit,0.2935
hit,0.3254
hit,0.5248
hit,2.2991
hit,0.315
hit,0.2768
hit,0.2923
hit,0.3161
hit,0.3879
hit,0.33
hit,0.2861
hit,1.2448
hit,0.3376
hit,0.299
hit,0.6363
hit,1.5285
hit,1.5087
hit,0.6406
hit,0.2878
hit,0.2565
hit,0.3102
hit,0.2925
hit,0.3159
hit,0.6995
hit,0.3238
hit,0.3459
hit,0.3004
hit,0.2882
hit,0.8121
hit,0.7668
hit,0.3231
hit,0.2794
hit,0.329
hit,0.6382
hit,0.3395
hit,0.5386
hit,0.3705
hit,0.3138
hit,1.1034
hit,0.3548
hit,0.4199
hit,0.3078
hit,0.3977
hit,0.3293
hit,0.3226
hit,0.3219
hit,2.2511
hit,0.7865
hit,0.7396
hit,0.4101
hit,0.376
hit,0.3564
hit,0.4995
hit,0.4711
hit,0.6223
hit,0.5016
hit,0.3457
hit,0.3393
hit,0.3016
hit,0.3018
hit,0.391
hit,0.345
hit,1.406
hit,0.7668
hit,0.3092
hit,0.3622
hit,0.3176
hit,0.3211
hit,0.3147
hit,0.2973
hit,0.6044
hit,0.3192
hit,0.4499
hit,1.0922
hit,0.3562
hit,0.4418
hit,0.3002
hit,1.5459
hit,0.9143
hit,1.0352
hit,0.3164
hit,0.355
hit,0.829
hit,0.3138
hit,0.9964
hit,0.9477
hit,2.583
hit,1.0324
hit,1.1301
hit,2.0027
hit,1.0054
hit,0.3209
hit,0.7763
hit,2.6798
hit,1.8003
hit,0.3226
hit,0.3211
hit,1.5388
hit,0.315
hit,0.2849
hit,0.9997
hit,0.9396
hit,1.0126
hit,2.2969
hit,0.4628
hit,0.3948
hit,0.3414
hit,0.3808
hit,0.2921
hit,0.7215
hit,0.3214
hit,0.4795
hit,0.3705
hit,0.411
hit,0.9959
hit,1.4176
hit,0.3729
hit,0.5355
hit,0.7045
hit,0.9041
hit,0.473
hit,0.4065
hit,0.3407
hit,0.3262
hit,0.3126
hit,0.6518
hit,2.213
hit,0.3319
hit,0.6392
hit,0.3314
hit,0.5267
hit,0.3209
hit,0.3402
hit,0.5937
hit,0.8667
hit,0.2851
hit,0.7997
hit,1.2312
hit,0.282
hit,0.2916
hit,0.2649
hit,0.2418
hit,0.257
hit,0.2387
hit,0.2854
hit,0.3631
hit,0.3181
hit,0.3657
hit,0.3541
hit,0.3591
hit,0.953
hit,0.3798
hit,0.3567
hit,0.3638
hit,0.3593
hit,0.7005
miss,10.7067
hit,0.3192
hit,0.3381
hit,1.0581
hit,0.7474
hit,0.4134
hit,0.9055
hit,0.3695
hit,0.3638
hit,0.386
hit,0.3726
hit,0.7331
hit,0.4196
hit,0.3827
hit,0.4063
hit,2.1234
hit,0.355
hit,0.3543
hit,0.3507
hit,0.6466
hit,0.3209
hit,0.3049
hit,0.7904
hit,0.6459
hit,0.9079
hit,0.7131
hit,0.2933
hit,0.6642
hit,0.3409
hit,0.3703
hit,0.3266
hit,0.8235
hit,0.325
hit,0.3562
hit,0.7362
hit,0.3462
hit,0.3374
hit,0.3543
hit,0.3767
hit,2.7549
hit,1.9934
hit,0.3438
hit,0.2868
hit,1.1532
hit,0.6845
hit,0.675
hit,1.4915
hit,0.3512
hit,0.3262
hit,0.8361
hit,1.0381
hit,0.3569
hit,0.2866
hit,0.349
hit,1.8888
hit,0.3574
hit,0.3343
hit,0.349
hit,0.787
hit,0.3548
hit,0.5217
hit,0.3121
hit,0.3417
hit,2.8324
hit,0.3366
hit,0.8755
hit,0.737
hit,0.3378
hit,0.2918
hit,0.422
hit,0.6135
hit,0.4072
hit,0.4086
hit,0.4623
hit,0.4778
hit,0.3498
hit,0.3016
hit,0.3719
hit,0.3176
hit,0.6127
hit,0.7105
hit,0.3672
hit,0.2716
hit,0.2799
hit,1.9505
hit,0.2909
hit,0.282
hit,0.3002
hit,0.2997
hit,0.3741
hit,0.3514
hit,0.3097
hit,0.3378
hit,0.3846
hit,0.35
hit,0.3843
hit,0.8571
hit,2.7018
hit,0.5522
hit,0.3359
hit,0.6175
hit,0.6158
hit,0.3722
hit,0.3662
hit,0.4289
hit,0.9487
hit,1.1711
hit,0.7539
hit,0.5763
hit,0.2995
hit,0.7622
hit,0.6523
hit,0.3276
hit,2.1996
hit,2.4588
hit,0.267
hit,0.2911
hit,0.2704
hit,0.4475
hit,0.8869
hit,0.3934
hit,0.7071
hit,0.9327
hit,0.4089
hit,0.4826
hit,0.5927
miss,4.4706
hit,0.3226
hit,0.4232
hit,1.5686
hit,0.968
hit,0.4599
hit,1.1458
hit,0.4144
hit,0.4008
hit,0.3111
hit,0.3066
hit,0.3531
hit,0.3495
hit,0.9007
hit,0.5558
hit,1.5805
hit,0.8407
hit,1.6463
hit,0.3974
hit,2.053
hit,0.8342
hit,0.2942
hit,0.2916
hit,2.6991
hit,0.9787
hit,0.4289
hit,0.3157
hit,0.3607
hit,0.715
hit,0.6104
hit,1.0066
hit,0.9589
hit,0.6194
hit,0.6108
hit,3.1343
hit,1.5421
hit,0.3831
hit,0.3948
hit,0.3512
hit,0.2878
hit,0.2694
hit,0.2334
hit,0.2477
hit,0.2489
hit,0.262
hit,0.4046
hit,0.9112
hit,0.9511
hit,0.603
hit,0.6459
hit,0.2966
hit,1.4412
hit,0.2546
hit,0.2615
hit,1.8928
hit,0.3629
hit,0.3285
hit,0.3109
hit,1.1141
hit,0.6046
hit,0.3037
hit,1.2846
hit,0.6914
hit,0.3417
hit,0.2925
hit,0.3054
hit,0.294
hit,0.2792
hit,0.9162
hit,1.0152
hit,0.2871
hit,1.8563
hit,1.8697
hit,0.289
hit,0.9286
hit,0.8829
hit,0.6516
hit,0.236
hit,0.2761
hit,0.2308
hit,0.73
hit,0.9267
hit,1.2975
hit,0.6671
hit,0.5267
hit,1.0047
hit,0.3123
hit,0.2592
hit,0.3021
hit,0.4387
hit,0.2599
hit,0.896
hit,1.8408
hit,0.3202
hit,0.6566
hit,0.2344
hit,1.4067
hit,0.8123
hit,0.4992
hit,0.2964
hit,0.2782
hit,1.2281
hit,0.4158
hit,0.8106
hit,0.7148
hit,1.3404
hit,0.4997
hit,0.5622
hit,0.7808
hit,0.4032
hit,0.3705
hit,0.3457
hit,0.4437
hit,1.76
hit,0.2933
hit,1.354
hit,0.766
hit,0.6185
hit,0.3242
hit,1.0653
hit,0.3006
hit,0.258
hit,0.2475
hit,0.2408
hit,0.869
hit,0.592
hit,0.2894
hit,2.1865
hit,0.8397
hit,0.5915
hit,1.4694
hit,0.9422
hit,1.6885
hit,0.7789
hit,0.5717
hit,0.473
hit,2.4252
hit,0.3278
hit,1.0591
hit,1.1139
hit,0.9379
hit,2.9597
hit,0.2871
hit,1.7107
hit,0.6702
hit,0.2964
hit,0.2856
hit,2.1987
hit,0.3102
hit,0.3228
hit,1.6205
hit,1.364
hit,2.2995
hit,1.02
hit,1.0083
hit,0.3362
hit,0.7577
hit,1.075
hit,1.4019
hit,0.3891
hit,0.9701
hit,0.792
hit,0.5131
hit,0.4041
hit,0.4504
hit,0.4346
hit,0.6828
hit,0.6704
hit,0.9916
hit,0.9463
hit,0.2904
hit,0.3138
hit,0.2654
hit,0.2568
hit,1.4126
hit,0.2971
hit,1.2691
hit,0.2849
hit,0.3214
hit,2.4788
hit,0.7398
hit,1.1578
hit,1.5697
hit,0.9661
hit,0.7606
hit,0.9742
hit,0.3409
hit,0.7367
hit,0.3052
hit,0.2642
hit,0.6812
hit,0.289
hit,1.0018
hit,0.9851
hit,0.2863
hit,0.7176
hit,0.8776
hit,0.8974
hit,0.9117
hit,1.0128
hit,0.6511
hit,0.8507
hit,0.3004
hit,0.3026
hit,1.2023
hit,0.7157
hit,0.2904
hit,0.3157
hit,0.4387
hit,0.7586
hit,0.4025
hit,0.4313
hit,2.1155
hit,0.407
hit,0.7386
hit,0.3552
hit,0.6766
hit,0.4141
hit,0.7088
hit,0.6437
hit,0.3197
hit,0.3259
hit,0.7977
hit,0.3092
hit,1.0312
hit,0.9654
hit,1.0824
hit,0.8011
hit,0.4551
hit,0.591
hit,0.6685
hit,0.2861
hit,0.2873
hit,0.2725
hit,0.2863
hit,1.5893
hit,0.7026
hit,0.9878
hit,0.8731
hit,0.3166
hit,2.2011
hit,1.2612
hit,1.4837
hit,0.3259
hit,0.3173
hit,0.4182
hit,0.3066
hit,0.3355
hit,1.7807
hit,0.3564
hit,0.2823
hit,0.488
hit,0.2809
hit,0.9682
hit,0.2995
hit,0.7308
hit,0.2959
hit,0.2794
hit,0.2949
hit,0.6835
hit,0.7391
hit,1.3361
hit,0.7787
hit,0.3331
hit,1.9352
hit,0.6783
hit,0.2739
hit,0.6671
hit,1.0161
hit,0.3228
hit,0.864
hit,2.1801
hit,0.7124
hit,0.3114
hit,1.8864
hit,0.7331
hit,0.9396
hit,0.8614
hit,0.7966
hit,1.1513
hit,0.9856
hit,0.3014
hit,1.838
hit,0.4904
hit,0.6795
hit,0.387
hit,0.4768
hit,0.3016
hit,0.3483
hit,1.893
hit,1.0755
hit,0.7279
hit,0.7532
hit,1.2207
hit,0.2849
hit,0.2611
hit,0.2565
hit,2.1625
hit,0.9196
hit,0.7339
hit,1.8377
hit,0.2956
hit,0.7839
hit,0.6595
hit,0.3033
hit,1.1947
hit,1.112
hit,0.7725
hit,0.2809
hit,1.1685
hit,0.6533
hit,0.9584
hit,0.5746
hit,0.7765
hit,0.2975
hit,1.3297
hit,0.2923
hit,0.325
hit,0.9403
hit,1.5123
hit,1.5271
hit,0.3459
hit,0.7787
hit,0.2904
hit,0.4046
hit,0.7925
hit,1.2536
hit,0.3998
hit,0.3366
hit,0.4404
hit,0.4001
hit,0.4072
hit,0.9649
hit,1.9662
hit,0.4082
hit,0.3967
hit,0.9065
hit,0.3285
hit,0.6289
hit,1.3471
hit,1.4603
hit,0.855
hit,0.7665
hit,0.2906
hit,0.288
hit,0.2761
hit,0.3061
hit,0.3195
hit,0.2594
hit,0.2675
hit,0.2716
hit,0.2925
hit,0.2875
hit,0.2613
hit,0.272
hit,2.0556
hit,0.3095
hit,0.2995
hit,0.2651
hit,0.9773
hit,2.048
hit,2.0192
hit,1.3466
hit,0.4375
hit,0.3488
hit,2.6724
hit,1.3874
hit,1.0931
hit,0.3536
hit,0.2921
hit,0.428
hit,0.7906
hit,0.2933
hit,0.3078
hit,0.9794
hit,0.3197
hit,0.2637
hit,1.3814
hit,0.2902
hit,0.3238
hit,0.284
hit,1.4436
hit,0.8571
hit,0.3872
hit,0.9408
hit,0.2792
hit,0.2933
hit,0.8278
hit,1.0068
hit,0.8276
hit,0.3581
hit,0.7999
hit,0.3848
hit,0.6776
hit,3.0735
hit,0.5946
hit,0.3211
hit,0.3078
hit,0.6702
hit,0.278
hit,0.5507
hit,0.8323
hit,0.2694
hit,0.8128
hit,0.6344
hit,0.3514
hit,0.3245
hit,2.3291
hit,0.8543
miss,12.8281
hit,0.2742
hit,0.746
hit,0.5121
hit,0.8385
hit,1.3108
hit,1.7328
hit,0.586
hit,0.3057
hit,0.736
hit,0.3018
hit,0.2675
hit,0.5898
hit,0.7782
hit,0.653
hit,0.2711
hit,1.0679
hit,0.6521
hit,0.3278
hit,2.0251
hit,0.8659
hit,0.706
hit,2.0158
hit,1.1313
hit,0.2816
hit,0.3965
hit,0.7648
hit,0.3383
hit,0.3378
hit,0.4649
hit,0.4215
hit,0.4039
hit,0.3788
hit,0.5591
hit,0.51
hit,0.5746
hit,0.3502
hit,0.4475
hit,0.351
hit,0.5083
hit,0.6442
hit,0.5813
hit,0.9501
hit,0.3309
hit,2.3952
hit,0.3257
hit,2.0556
hit,1.3132
hit,0.5465
hit,0.3536
hit,0.7422
hit,0.3211
hit,0.299
hit,1.3375
hit,0.2706
hit,0.6566
hit,0.8016
hit,0.2844
hit,0.6061
hit,0.2944
hit,0.2716
hit,0.8693
hit,1.148
hit,0.4728
hit,1.4019
hit,0.5865
hit,0.6952
hit,0.8826
hit,0.3266
hit,1.7679
hit,2.8641
hit,0.7372
hit,0.6435
hit,0.9851
hit,0.6375
hit,0.5782
hit,0.8297
hit,0.3526
hit,0.3161
hit,0.6003
hit,0.6492
hit,0.649
hit,0.3059
hit,0.4539
hit,0.3314
hit,0.7794
hit,0.2811
hit,0.2949
hit,0.2654
hit,0.2935
hit,0.6466
hit,2.7692
hit,0.9294
hit,1.0278
hit,0.3011
hit,0.4628
hit,0.3314
hit,0.6049
hit,0.886
hit,1.7962
hit,1.2732
hit,1.0011
hit,0.8519
hit,0.9391
hit,0.4833
hit,0.3736
hit,0.4864
hit,2.3036
hit,3.4535
hit,2.6007
hit,2.2275
hit,1.5907
hit,0.694
hit,1.771
hit,1.0111
hit,0.3355
hit,0.3123
hit,0.3304
hit,0.2954
hit,0.2847
hit,0.2742
hit,0.2685
hit,1.5459
hit,1.3967
hit,1.2152
hit,1.2126
hit,1.5333
hit,0.628
hit,0.741
hit,0.6247
hit,2.4264
hit,1.0235
hit,0.3853
hit,1.0278
hit,1.0173
hit,0.3192
hit,0.7017
hit,2.609
hit,0.3095
hit,0.6959
hit,0.3359
hit,1.8091
hit,0.3588
hit,0.622
hit,1.461
hit,0.3493
hit,0.4177
hit,1.4768
hit,0.4616
hit,0.6595
hit,0.3562
hit,0.3657
hit,0.6053
hit,0.9038
hit,0.4165
hit,0.344
hit,0.3481
hit,1.9372
hit,0.6881
hit,0.3316
hit,1.2591
hit,0.4437
hit,0.9432
hit,0.3653
hit,0.3455
hit,0.34
hit,1.956
hit,0.3297
hit,2.3568
hit,0.3033
hit,0.2525
hit,0.2499
hit,0.2394
hit,0.8278
hit,0.5858
hit,0.277
hit,1.004
hit,0.9551
hit,0.3245
hit,0.2978
hit,0.344
hit,0.9615
hit,0.7815
hit,0.3603
hit,0.4566
hit,0.7336
hit,0.33
hit,1.0028
hit,1.689
hit,0.7687
hit,0.7412
hit,0.2618
hit,0.3479
hit,0.3319
hit,0.3941
hit,0.3953
hit,0.3278
hit,0.8168
hit,0.3653
hit,0.3221
hit,1.0114
hit,2.2128
hit,0.9191
hit,0.329
hit,0.3381
hit,0.7322
hit,1.5752
hit,0.3583
hit,0.3445
hit,0.6082
hit,0.6537
hit,0.7861
hit,0.293
hit,0.8183
hit,0.33
hit,0.3457
hit,0.3619
hit,0.3536
hit,0.618
hit,0.247
hit,0.2391
hit,0.2313
hit,0.2382
hit,0.3421
hit,2.0189
hit,0.3369
hit,0.3145
hit,0.7498
hit,0.2768
hit,0.3214
hit,0.3035
hit,0.7188
hit,0.3674
hit,2.8703
hit,0.3023
hit,0.6232
hit,0.3531
hit,0.3119
hit,1.0083
hit,0.2875
hit,0.2561
hit,0.2458
hit,0.679
hit,1.2388
hit,0.2861
hit,0.3302
hit,0.6342
hit,0.4311
hit,0.3946
hit,0.3407
hit,0.7443
hit,1.1928
hit,1.3199
hit,0.3533
hit,0.6993
hit,1.0381
hit,1.5297
hit,0.4523
hit,0.4723
hit,0.5798
hit,0.3734
hit,0.6251
hit,0.751
hit,0.6599
hit,0.7551
hit,1.508
hit,0.2894
hit,1.6289
hit,1.1246
hit,0.9646
hit,0.7751
hit,0.8771
hit,0.6242
hit,0.3114
hit,0.2387
hit,0.2384
hit,0.5863
hit,0.278
hit,0.3998
hit,0.5217
hit,0.3722
hit,0.8528
hit,0.3531
hit,0.3579
hit,0.3197
hit,0.2966
hit,0.9973
hit,2.6295
hit,2.6283
hit,0.7355
hit,0.3862
hit,0.4728
hit,0.3095
hit,0.3803
hit,2.1625
hit,0.6187
hit,1.6661
hit,1.7946
hit,1.1373
hit,0.8929
hit,1.05
hit,1.7095
hit,0.6585
hit,1.2956
hit,0.2985
hit,0.3552
hit,0.6754
hit,0.3507
hit,1.9729
hit,0.3395
hit,0.397
hit,0.7486
hit,0.4144
hit,0.8349
hit,0.4077
hit,0.3769
hit,0.4041
hit,0.3829
hit,0.515
hit,0.3476
hit,0.3061
hit,0.983
hit,0.8106
hit,0.407
hit,0.4752
hit,1.0333
hit,0.2754
hit,0.5953
hit,0.3197
hit,0.3588
hit,1.6968
hit,0.7341
hit,0.2995
hit,0.2861
hit,0.6771
hit,0.3633
hit,1.1094
hit,0.912
hit,1.1871
hit,1.317
hit,0.2773
hit,0.2489
hit,2.208
hit,0.8705
hit,0.284
hit,0.257
hit,0.278
hit,0.2279
hit,0.2329
hit,0.2348
hit,0.2961
hit,0.6812
hit,0.7052
hit,0.8016
hit,1.3349
hit,0.282
hit,0.6442
hit,1.0555
hit,2.0554
hit,0.2811
hit,0.4156
hit,0.7031
hit,0.8545
hit,0.7215
hit,0.3114
hit,1.363
hit,0.9403
hit,0.4549
hit,0.3028
hit,1.03
hit,0.3443
hit,0.8509
hit,0.3753
hit,3.3908
hit,2.6896
hit,0.3967
hit,0.7403
hit,0.443
hit,0.8936
hit,0.2947
hit,0.8907
hit,1.9214
hit,0.6406
hit,0.9716
hit,1.6119
hit,0.9861
hit,0.8078
hit,1.3065
hit,0.3054
hit,0.3138
hit,0.7634
hit,1.9276
hit,1.8923
hit,0.3796
hit,0.2964
hit,0.4079
hit,0.2868
hit,0.3238
hit,0.4447
hit,0.8667
hit,1.8733
hit,0.3352
hit,0.3159
hit,0.3054
hit,0.2632
hit,1.8828
hit,0.3068
hit,0.288
hit,0.2637
hit,0.2415
hit,0.9372
hit,1.0135
hit,1.8203
hit,2.3367
hit,0.9875
hit,1.0173
hit,2.414
hit,1.0285
hit,2.0423
hit,1.2238
hit,0.7255
hit,0.3948
hit,2.1636
hit,1.0848
hit,0.3099
hit,1.1659
hit,0.6998
hit,0.381
hit,1.1358
hit,1.1845
hit,2.2807
hit,0.9546
hit,0.6716
hit,0.3698
hit,0.2797
hit,0.3226
hit,0.2735
hit,0.2692
hit,0.2925
hit,0.2973
hit,0.6883
hit,1.8489
hit,0.2842
hit,0.8845
hit,3.7985
hit,2.3041
hit,1.0638
hit,0.3607
hit,1.0922
hit,1.1988
hit,0.334
hit,2.4145
hit,0.2825
hit,0.3777
hit,0.2527
hit,0.6533
hit,0.7687
hit,2.1112
hit,0.9432
hit,1.0648
hit,0.3443
hit,0.9923
hit,0.3018
hit,0.2577
hit,0.9789
hit,0.6974
hit,0.4478
hit,0.3166
hit,0.3386
hit,0.3753
hit,0.4258
hit,2.0604
hit,0.8795
hit,0.3231
hit,0.4113
hit,0.7854
hit,0.2904
hit,0.9677
hit,0.7701
hit,0.3839
hit,0.5572
hit,0.5898
hit,1.3714
hit,0.9928
hit,1.3175
hit,0.8714
hit,0.3228
hit,0.3579
hit,0.3214
hit,0.7348
hit,0.3076
hit,0.4189
hit,0.3424
hit,0.6347
hit,0.7079
hit,0.5054
hit,2.1532
hit,0.4704
hit,0.4458
hit,0.7374
hit,0.4172
hit,0.3984
hit,2.4054
hit,0.3326
hit,0.3474
hit,0.3557
hit,0.3588
hit,0.3405
hit,0.3517
hit,0.2961
hit,0.315
hit,2.6948
hit,0.5512
hit,2.362
hit,0.3295
hit,0.3428
hit,0.3514
hit,1.4849
hit,0.3042
hit,1.7359
hit,0.9382
hit,2.4047
hit,0.3645
hit,0.6175
hit,1.1261
hit,0.5665
hit,0.3345
hit,0.3443
hit,0.8149
hit,0.7737
hit,2.5284
hit,0.3855
hit,0.3688
hit,0.7067
hit,0.3674
hit,0.5836
hit,0.7589
hit,0.4225
hit,0.3211
hit,0.4213
hit,1.7054
hit,0.4866
hit,0.9553
hit,0.3777
hit,0.5581
hit,3.1664
hit,0.3231
hit,0.3686
hit,0.37
hit,1.9164
hit,0.339
hit,1.4365
hit,0.3607
hit,0.6239
hit,0.3567
hit,0.3266
hit,0.3455
hit,0.3343
hit,0.6738
hit,0.3188
hit,0.3703
hit,1.4701
hit,0.2999
hit,1.8799
hit,0.3765
hit,0.315
hit,3.0432
hit,0.705
hit,0.4098
hit,0.7019
hit,0.335
hit,0.365
hit,0.3505
hit,0.3166
hit,0.2775
hit,0.3204
hit,0.2489
hit,0.3448
hit,0.8612
hit,0.4098
hit,0.3753
hit,0.3901
hit,0.2997
hit,0.3045
hit,0.3738
hit,0.7448
hit,0.3884
hit,0.3924
hit,0.5012
hit,0.4218
hit,0.8762
hit,1.497
hit,0.7975
hit,0.4115
hit,0.5844
hit,0.3517
hit,0.8264
hit,0.3881
hit,2.5082
hit,0.3538
hit,0.7126
hit,0.2952
hit,1.4086
hit,0.9882
hit,0.5653
hit,0.5858
hit,0.3066
hit,0.3316
hit,0.3271
hit,0.6166
hit,0.3836
hit,0.5476
hit,0.6325
hit,0.3228
hit,0.3307
hit,0.443
hit,0.3223
hit,0.5753
hit,0.3366
hit,0.8395
hit,0.8142
hit,0.6726
hit,0.5479
hit,1.1704
hit,0.7758
hit,0.7522
hit,1.2867
hit,0.8993
hit,1.1013
hit,0.3417
hit,0.3941
hit,1.0908
hit,0.5286
hit,0.4592
hit,1.4923
hit,0.9546
hit,0.7329
hit,0.6917
hit,0.2985
hit,1.4253
hit,1.9569
hit,0.905
hit,0.7107
hit,1.1489
hit,0.6676
hit,0.684
hit,0.6983
hit,0.8709
hit,0.2816
hit,0.689
hit,0.3524
hit,0.2799
hit,0.283
hit,0.2549
hit,0.2465
hit,0.2863
hit,0.288
hit,2.1129
hit,0.2942
hit,0.2816
hit,0.2553
hit,0.7033
hit,0.2754
hit,0.3116
hit,1.9369
hit,1.8642
hit,1.8833
hit,0.3486
hit,0.3157
hit,2.0375
hit,0.3464
hit,0.7112
hit,0.3378
hit,0.6826
hit,0.3431
hit,0.9007
hit,0.3095
hit,0.4184
hit,0.3715
hit,0.4191
hit,0.4673
hit,0.5651
hit,1.1079
hit,0.3712
hit,0.4413
hit,0.3779
hit,0.6216
hit,0.5376
hit,0.8872
hit,0.6778
hit,0.3884
hit,0.4303
hit,0.4342
hit,0.3846
hit,0.3791
hit,0.3333
hit,0.2646
hit,0.2878
hit,1.7183
hit,0.3841
hit,0.5953
hit,0.3543
hit,0.7031
hit,0.7455
hit,0.3016
hit,0.3614
hit,2.5294
hit,0.9162
hit,0.3181
hit,0.9089
hit,0.2868
hit,0.2763
hit,0.3872
hit,0.7243
hit,1.0521
hit,2.2211
hit,0.2964
hit,0.2971
hit,0.2713
hit,0.2484
hit,0.4425
hit,0.3419
hit,1.0118
hit,0.659
hit,2.7952
hit,0.5071
hit,0.5493
hit,0.3107
hit,1.8749
hit,2.1982
hit,0.6876
hit,0.3355
hit,1.894
hit,1.0862
hit,0.8659
hit,2.0716
hit,1.184
hit,1.4961
hit,0.4601
hit,0.8438
hit,0.3269
hit,0.4852
hit,0.3583
hit,0.9723
hit,2.6622
hit,2.0654
hit,0.3874
hit,0.4585
hit,0.6855
hit,0.293
hit,0.2837
hit,0.2592
hit,0.2773
hit,0.2403
hit,1.0834
hit,0.7076
hit,0.3259
hit,0.6397
hit,2.645
hit,0.2918
hit,0.8931
hit,0.6237
hit,0.2928
hit,0.7002
hit,0.6583
hit,0.2913
hit,0.632
hit,0.8051
hit,0.2551
hit,1.6136
hit,0.3612
hit,1.6861
hit,0.2346
hit,1.7247
hit,0.5641
hit,0.3197
hit,0.2835
hit,0.2661
hit,0.2353
hit,0.6473
hit,0.5021
hit,0.6998
hit,0.2778
hit,0.844
hit,0.6843
hit,1.8694
hit,0.3872
hit,0.3507
hit,0.6406
hit,0.6328
hit,0.3271
hit,0.4354
miss,4.2887
hit,0.3159
hit,0.3936
hit,1.4367
hit,1.9484
hit,0.4482
hit,0.7386
hit,2.1455
hit,0.5739
hit,0.694
hit,1.5733
hit,0.2863
hit,0.9089
hit,0.5729
hit,0.6077
hit,0.289
hit,2.2888
hit,0.6096
hit,0.2928
hit,1.5614
hit,1.0369
hit,0.2937
hit,0.2944
hit,0.283
hit,0.7737
hit,0.3109
hit,0.3388
hit,1.1561
hit,0.4492
hit,0.303
hit,1.2078
hit,0.3397
hit,0.2503
hit,0.2315
hit,0.5035
hit,2.4743
hit,1.7798
hit,1.5295
hit,0.2379
hit,0.221
hit,0.2711
hit,0.9513
hit,1.976
hit,0.288
hit,0.6275
hit,0.3088
hit,1.0815
hit,1.4496
hit,0.2947
hit,0.3538
hit,0.6216
hit,0.3541
hit,0.592
hit,0.3653
hit,0.7198
hit,0.7658
hit,0.8461
hit,2.6546
hit,1.1394
hit,0.6196
hit,0.3343
hit,0.5686
hit,0.3769
hit,0.4179
hit,0.6008
hit,2.0761
hit,2.1527
hit,0.4082
hit,0.3903
hit,0.3548
hit,0.8101
hit,0.3412
hit,3.3307
hit,0.7377
hit,0.3817
hit,0.6557
hit,0.9162
hit,0.8173
hit,0.7226
hit,0.7014
hit,0.6511
hit,0.3662
hit,0.9763
hit,0.3519
hit,0.6187
hit,0.3719
hit,0.4153
hit,1.0169
hit,2.6731
hit,0.334
hit,0.2875
hit,2.6853
hit,0.9272
hit,0.3335
hit,2.1725
hit,0.7095
hit,0.2942
hit,0.7098
hit,0.6373
hit,0.3524
hit,0.8736
hit,0.6871
hit,0.3102
hit,0.3128
hit,0.335
hit,0.3393
hit,0.7169
hit,0.3054
hit,0.2673
hit,0.2518
hit,1.5233
hit,0.4013
hit,0.3681
hit,0.3905
hit,0.3138
hit,0.9477
hit,0.4122
hit,0.3953
hit,0.3152
hit,0.2837
hit,0.272
hit,0.3202
hit,0.3052
hit,1.471
hit,0.3769
hit,1.0827
hit,0.8931
hit,1.754
hit,2.0056
hit,1.5054
hit,0.8204
hit,1.8523
hit,0.6902
hit,0.6075
hit,0.8409
hit,0.6769
hit,0.7374
hit,0.2868
hit,0.3097
hit,0.2413
hit,0.911
hit,1.3616
hit,0.3908
hit,0.5991
hit,0.4041
hit,0.4356
hit,0.7384
hit,0.5345
hit,0.3419
hit,0.3254
hit,0.4029
hit,0.6809
hit,0.4683
hit,0.3548
hit,0.9222
hit,0.746
hit,0.4756
hit,0.5929
hit,0.3982
hit,0.7763
hit,0.6523
hit,0.345
hit,1.4739
hit,0.7293
hit,2.4698
hit,0.8438
hit,1.0715
hit,0.7126
hit,1.9093
hit,2.1005
hit,0.3469
hit,0.2692
hit,0.2661
hit,0.2592
hit,0.2642
hit,0.2353
hit,0.3583
hit,0.3185
hit,0.7386
hit,1.8439
hit,0.5035
hit,0.478
hit,0.3672
hit,0.3085
hit,0.7505
hit,0.3705
hit,0.6514
hit,0.6933
hit,0.8135
hit,0.3572
hit,0.2854
hit,0.2999
hit,0.361
hit,0.8814
hit,0.6609
hit,0.6039
hit,0.5474
hit,0.5646
hit,0.3526
hit,0.2944
hit,0.2637
hit,0.6368
hit,0.2961
hit,0.7038
hit,0.3886
hit,0.2899
hit,0.9444
hit,0.3386
hit,0.946
hit,2.4009
hit,0.356
hit,0.3812
hit,0.282
hit,0.3002
hit,0.7217
hit,0.6967
hit,0.3159
hit,0.282
hit,0.273
hit,0.385
hit,1.7128
hit,0.8485
hit,1.2681
hit,0.9379
hit,0.3181
hit,0.6406
hit,0.3848
hit,0.4704
hit,0.3891
hit,3.2511
hit,0.3526
hit,0.3664
hit,0.422
hit,0.7527
hit,0.3543
hit,0.3479
hit,0.8473
hit,0.7553
hit,0.3734
hit,0.9053
hit,0.7839
hit,1.025
hit,0.3648
hit,1.509
hit,0.3159
hit,0.6459
hit,0.3242
hit,0.3858
hit,1.1215
hit,2.2812
hit,0.6034
hit,2.5079
hit,0.7558
hit,1.2574
hit,0.3111
hit,0.9983
hit,0.5941
hit,0.3209
hit,0.3121
hit,0.3722
hit,0.4361
hit,0.3126
hit,0.3135
hit,0.809
hit,3.1791
hit,1.266
hit,0.2763
hit,0.9513
hit,0.8943
hit,3.3648
hit,0.3726
hit,0.3202
hit,0.2873
hit,0.7379
hit,0.7422
hit,0.675
hit,0.3409
hit,0.3662
hit,0.7622
hit,0.385
hit,0.3579
hit,0.308
hit,0.6216
hit,0.9615
hit,1.0929
hit,0.7102
hit,1.4563
hit,0.4065
hit,0.5417
hit,0.5717
hit,0.8922
hit,0.4704
hit,0.3657
hit,0.3469
hit,0.4003
hit,0.4549
hit,0.8552
hit,0.3014
hit,0.2933
hit,0.793
hit,0.5357
hit,0.5877
hit,1.2724
hit,0.4983
hit,0.7722
hit,0.6754
hit,0.5448
hit,0.4768
hit,0.2825
hit,0.8366
hit,0.3464
hit,0.3426
hit,0.4208
hit,0.3505
hit,1.7579
hit,0.3259
hit,1.0989
hit,0.4053
hit,0.3185
hit,0.3705
hit,0.3335
hit,0.3402
hit,0.2997
hit,0.8981
hit,1.0836
hit,0.4916
hit,2.079
hit,0.3767
hit,0.3397
hit,0.3171
hit,1.0817
hit,0.5724
hit,0.6785
hit,0.3579
hit,1.0927
hit,0.3412
hit,0.4091
hit,0.5195
hit,0.3395
hit,0.4165
hit,1.4925
hit,0.3161
hit,0.375
hit,0.4435
hit,0.4566
hit,0.4086
hit,0.4442
hit,0.6764
hit,0.4227
hit,0.5374
hit,0.3784
hit,0.2573
hit,0.2835
hit,0.2813
hit,1.5504
hit,0.3259
hit,0.3152
hit,0.5641
hit,0.3297
hit,0.3693
hit,0.3378
hit,0.3424
hit,0.5815
hit,1.142
hit,0.6855
hit,0.3307
hit,0.3312
hit,0.3593
hit,2.2793
hit,0.2942
hit,0.2944
hit,0.4334
hit,0.3059
hit,1.8833
hit,0.7727
hit,0.4814
hit,0.3529
hit,0.7365
hit,0.3819
hit,0.3729
hit,0.282
hit,0.8423
hit,1.2574
hit,0.3607
hit,0.3507
hit,0.3293
hit,0.3531
hit,0.6084
hit,0.3331
hit,0.8008
hit,0.8457
hit,0.2778
hit,0.2716
hit,0.3119
hit,0.2472
hit,0.2415
hit,0.2284
hit,0.2768
hit,0.3645
hit,0.6559
hit,1.0643
hit,0.3214
hit,0.3054
hit,0.2561
hit,0.262
hit,0.2275
hit,0.289
hit,0.3123
hit,0.2561
hit,2.5909
hit,0.4418
hit,0.3955
hit,1.1351
hit,0.3014
hit,0.3648
hit,3.484
hit,0.4752
hit,0.6535
hit,0.2968
hit,1.0126
hit,0.5724
hit,2.12
hit,3.561
hit,0.3994
hit,0.4742
hit,0.8593
hit,0.813
hit,0.3204
hit,0.7498
hit,0.7842
hit,0.8454
hit,0.7854
hit,0.9799
hit,0.7379
hit,0.473
hit,0.9544
hit,0.7598
hit,0.6325
hit,1.0347
hit,0.2756
hit,0.246
hit,0.2511
hit,0.9859
hit,1.0576
hit,0.7107
hit,1.7605
hit,0.356
hit,0.3328
hit,1.3304
hit,2.3661
hit,0.7956
hit,0.7401
hit,0.3631
hit,0.3202
hit,0.7472
hit,0.3643
hit,0.3374
hit,1.9851
hit,0.7658
hit,0.4425
hit,0.771
hit,0.2716
hit,0.2551
hit,0.2797
hit,0.7801
hit,0.3529
hit,0.8557
hit,0.7482
hit,0.3574
hit,0.798
hit,1.0293
hit,0.3424
hit,0.4206
hit,2.0759
hit,0.8574
hit,0.3397
hit,0.3874
hit,1.5144
hit,1.0929
hit,0.4389
hit,0.7031
hit,0.4175
hit,0.3974
hit,0.3598
hit,0.2983
hit,0.3955
hit,0.5209
hit,1.4989
hit,0.2923
hit,0.2875
hit,0.3355
hit,0.3512
hit,0.2933
hit,0.293
hit,0.7701
hit,3.6604
hit,0.4485
hit,0.3014
hit,0.6747
hit,0.6075
hit,0.8032
hit,0.3591
hit,0.3662
hit,1.3463
hit,1.1811
hit,1.5829
hit,0.473
hit,1.1146
hit,0.4022
hit,0.6449
hit,0.3331
hit,1.3344
hit,1.255
hit,0.9165
hit,1.2767
hit,0.9739
hit,0.5198
hit,1.1864
hit,0.3695
hit,0.3209
hit,0.6592
hit,0.4017
hit,0.2983
hit,0.4203
hit,2.7483
hit,0.3991
hit,0.5703
hit,0.4385
hit,0.3211
hit,1.6611
hit,1.0955
hit,2.2438
hit,0.5431
hit,0.4811
hit,0.7339
hit,0.4239
hit,0.6654
hit,0.309
hit,0.262
hit,0.2291
hit,0.2468
hit,0.2544
hit,0.381
hit,0.5012
miss,16.2842
hit,0.272
hit,0.8755
hit,0.9184
hit,1.8554
hit,0.3164
hit,1.4303
hit,0.2937
hit,0.5834
hit,0.4106
hit,0.3934
hit,0.3819
hit,0.4256
hit,2.6546
hit,0.3269
hit,0.792
hit,0.3428
hit,0.9499
hit,0.4802
hit,0.3614
hit,0.9322
hit,0.3989
hit,0.3843
hit,0.3719
hit,0.3774
hit,0.3808
hit,0.4272
hit,0.6402
hit,0.3102
hit,0.4027
hit,1.5333
hit,0.4039
hit,0.3281
hit,0.3326
hit,0.2625
hit,0.278
hit,0.5443
hit,0.56
hit,0.4735
hit,0.948
hit,0.4356
hit,0.6361
hit,0.4141
hit,0.3028
hit,0.3951
hit,0.5989
hit,0.7529
hit,0.7849
hit,0.3076
hit,0.2625
hit,0.2615
hit,0.3254
hit,0.3443
hit,0.3934
hit,0.4849
hit,0.4551
hit,0.3808
hit,0.4115
hit,0.5667
hit,0.8597
hit,2.4073
hit,0.294
hit,2.0235
hit,0.3669
hit,0.3238
hit,0.3562
hit,1.0762
hit,0.3393
hit,0.8945
hit,0.3817
hit,0.9966
hit,0.6235
hit,0.5484
hit,0.3483
hit,0.3767
hit,0.5159
hit,0.6204
hit,0.3476
hit,0.567
hit,0.8118
hit,0.4377
hit,0.38
hit,0.4995
hit,0.5538
hit,0.8438
hit,0.4616
hit,6.3834
hit,0.4053
hit,1.5991
hit,0.3812
hit,0.2778
hit,0.3152
hit,1.061
hit,0.3726
hit,0.2916
hit,0.2987
hit,0.2806
hit,0.5863
hit,0.4096
hit,0.3388
hit,0.608
hit,1.0955
hit,0.3855
hit,0.5667
hit,0.4075
hit,0.2553
hit,0.3977
hit,0.4284
hit,0.5732
hit,0.5407
hit,0.3965
hit,0.9339
hit,0.3521
hit,1.2374
hit,0.8709
hit,0.3939
hit,0.3099
hit,1.1485
hit,0.4029
hit,0.3624
hit,0.8705
hit,0.3841
hit,0.3021
hit,0.3595
hit,0.6089
hit,0.4001
hit,1.2715
hit,0.2985
hit,1.6317
hit,0.7589
hit,0.5636
hit,0.5188
hit,0.5529
hit,1.2152
hit,0.3426
hit,0.9367
hit,0.4423
hit,0.3421
hit,0.428
hit,0.699
hit,0.4106
hit,1.374
hit,0.3505
hit,0.3262
hit,0.8616
hit,0.6933
hit,0.7973
hit,0.4046
hit,0.4101
hit,0.3951
hit,0.3181
hit,0.7265
hit,0.7041
hit,0.3972
hit,0.4442
hit,0.807
hit,0.2878
hit,0.2759
hit,0.3419
hit,0.5949
hit,1.811
hit,2.5043
hit,1.0302
hit,1.1177
hit,0.3476
hit,1.3957
hit,2.007
hit,1.1222
hit,2.445
hit,0.7877
hit,1.6143
hit,0.3355
hit,0.2604
hit,0.3905
hit,0.3269
hit,0.6728
hit,0.2761
hit,1.8053
hit,1.905
hit,0.2706
hit,0.4776
hit,0.5078
hit,1.8744
hit,1.9455
hit,2.1818
hit,0.6404
hit,0.5927
hit,2.7151
hit,0.648
hit,0.2911
hit,0.5856
hit,0.9475
hit,0.6759
hit,1.6193
hit,0.4215
hit,0.3815
hit,1.2619
hit,0.8733
hit,1.9813
hit,2.0514
hit,1.1318
hit,0.6964
hit,0.3231
hit,1.0111
hit,1.976
hit,0.8183
hit,0.2851
hit,0.3898
hit,0.7122
hit,3.5553
hit,0.3386
hit,0.2987
hit,0.8194
hit,0.8931
hit,0.9584
hit,0.387
hit,3.4761
hit,1.2405
hit,0.8256
hit,2.1286
hit,0.8979
hit,0.8066
hit,0.3705
hit,0.2692
hit,0.3181
hit,0.7377
hit,0.2885
hit,0.324
hit,1.0409
hit,1.8675
hit,0.7997
hit,0.8159
hit,1.1184
hit,0.7396
hit,0.2975
hit,0.7689
hit,0.4046
hit,0.3519
hit,1.2393
hit,2.4993
hit,0.3715
hit,0.4504
hit,0.3064
hit,0.9248
hit,0.4447
hit,0.3965
hit,0.2539
hit,0.3517
hit,0.3533
hit,0.3891
hit,0.4907
hit,0.3164
hit,1.318
hit,0.9408
hit,1.9531
hit,0.7305
hit,0.6115
hit,0.3247
hit,1.3297
hit,0.3343
hit,0.361
hit,5.0032
hit,0.2918
hit,2.4769
hit,0.8962
hit,0.3643
hit,0.2687
hit,0.3388
hit,0.7093
hit,0.7153
hit,1.2939
hit,0.2694
hit,1.0645
hit,0.3374
hit,0.34
hit,0.6421
hit,0.3648
hit,0.3934
hit,0.3603
hit,0.2935
hit,0.3006
hit,1.1098
hit,0.2921
hit,0.2751
hit,0.253
hit,0.2728
hit,1.1954
hit,0.6647
hit,0.8266
hit,0.664
hit,0.3605
hit,1.8072
hit,0.3576
hit,0.6258
hit,0.3686
hit,0.3741
hit,0.421
hit,0.4554
hit,0.762
hit,0.3986
hit,0.6771
hit,0.4539
hit,0.4575
hit,1.0862
hit,1.6706
hit,0.4315
hit,0.3042
hit,0.3564
hit,0.5145
hit,1.8053
hit,0.3426
hit,0.7973
hit,0.6084
hit,0.2785
hit,0.777
hit,0.5345
hit,0.8752
hit,0.8361
hit,0.3541
hit,1.3556
hit,1.7927
hit,0.3021
hit,2.0201
hit,0.284
hit,0.3266
hit,0.7324
hit,0.3922
hit,0.3755
hit,0.2942
hit,1.2045
hit,0.3495
hit,0.2666
hit,0.2556
hit,0.8423
hit,0.2773
hit,0.2956
hit,1.7307
hit,0.9344
hit,0.8981
hit,0.9491
hit,2.2438
hit,3.1383
hit,1.8439
hit,2.0361
hit,0.7272
hit,2.2607
hit,1.1587
hit,1.0982
hit,0.5341
hit,0.4179
hit,0.4172
hit,0.3583
hit,0.2904
hit,0.3023
hit,0.3042
hit,0.3011
hit,1.0343
hit,0.4404
hit,0.334
hit,0.2694
hit,0.2353
hit,0.2642
hit,0.2558
hit,0.3109
hit,0.2756
hit,0.6523
hit,0.6802
hit,1.0626
hit,0.4902
hit,0.2687
hit,0.3099
hit,0.823
hit,0.3359
hit,0.2916
hit,0.9835
hit,0.3254
hit,0.6461
hit,0.3436
hit,0.313
hit,0.3347
hit,0.6313
hit,1.7617
hit,0.6402
hit,0.3669
hit,0.3281
hit,1.3261
hit,0.3998
hit,1.246
hit,1.0185
hit,0.715
hit,0.2992
hit,0.2594
hit,0.767
hit,1.0338
hit,2.7447
hit,2.1496
hit,0.4559
hit,0.7122
hit,0.8738
hit,0.8981
hit,1.3855
hit,1.8005
hit,0.3035
hit,0.2811
hit,0.2732
hit,0.2465
hit,0.2685
hit,1.1344
hit,0.3943
hit,0.3252
hit,0.2916
hit,0.5469
hit,0.7081
hit,0.2913
hit,0.3035
hit,0.4992
hit,0.3419
hit,2.0638
hit,0.3917
hit,0.3371
hit,0.2975
hit,0.8414
hit,0.3793
hit,0.3774
hit,0.7565
hit,0.4292
hit,0.3495
hit,0.3841
hit,0.335
hit,0.422
hit,0.3412
hit,0.3827
hit,1.0684
hit,0.7253
hit,0.4349
hit,1.1272
hit,0.3459
hit,0.9992
hit,1.4639
hit,0.7393
hit,1.1737
hit,0.9432
hit,2.5051
hit,0.3068
hit,0.253
hit,0.2513
hit,0.2818
hit,0.2537
hit,0.2539
hit,0.2868
hit,0.2484
hit,1.6522
hit,0.7463
hit,1.9674
hit,2.2812
hit,1.7545
hit,1.9157
hit,0.7727
hit,0.3729
hit,0.684
hit,0.6835
hit,0.7505
hit,0.7961
hit,2.6793
hit,1.0049
hit,0.3316
hit,2.0213
hit,2.0194
hit,0.2892
hit,0.838
hit,0.3176
hit,0.8144
hit,0.741
hit,1.1044
hit,1.6685
hit,0.798
hit,0.3932
hit,0.3083
hit,1.8296
hit,1.3394
hit,0.396
hit,1.9829
hit,0.7796
hit,1.8873
hit,0.4184
hit,0.9432
hit,0.3791
hit,1.0169
hit,0.823
hit,1.4818
hit,0.3443
hit,2.1787
hit,0.9086
hit,1.4532
hit,1.3874
hit,0.9425
hit,0.3085
hit,0.2842
hit,0.308
hit,0.8152
hit,0.829
hit,0.3471
hit,0.2673
hit,0.2928
hit,0.236
hit,0.2677
hit,1.7715
hit,0.3469
hit,1.1246
hit,1.1714
hit,1.7948
hit,1.2255
hit,0.6359
hit,1.5855
hit,0.6056
hit,0.9189
hit,1.7662
hit,0.989
hit,0.3192
hit,0.7327
hit,0.6211
hit,0.7777
hit,2.074
hit,0.3169
hit,0.3378
hit,0.3285
hit,0.7777
hit,0.4015
hit,0.432
hit,0.6032
hit,0.668
hit,0.494
hit,0.8035
hit,0.3345
hit,0.4194
hit,0.422
hit,0.4437
hit,0.3841
hit,0.4668
hit,1.1883
hit,0.8385
hit,1.3423
hit,0.4435
hit,0.4354
hit,0.4137
hit,0.6201
hit,0.3047
hit,0.4833
hit,0.3545
hit,1.8916
hit,0.3531
hit,0.7038
hit,1.2584
hit,0.3374
hit,0.3676
hit,0.9093
hit,1.9412
hit,1.7388
hit,0.2751
hit,0.2742
hit,0.397
hit,0.385
hit,1.2863
hit,0.3088
hit,0.2606
hit,0.263
hit,0.2313
hit,1.3149
hit,1.3626
hit,1.035
hit,0.3071
hit,0.277
hit,0.6888
hit,0.6807
hit,0.5772
hit,0.3977
hit,1.7867
hit,0.4075
hit,0.3898
hit,0.7465
hit,0.3195
hit,0.4272
hit,0.3657
hit,0.3009
hit,0.3006
hit,0.3088
hit,0.8783
hit,0.669
hit,0.7563
hit,0.9258
hit,0.885
hit,0.988
hit,0.2913
hit,0.2363
hit,0.2425
hit,0.2649
hit,0.2658
hit,0.9444
hit,0.7124
hit,0.2882
hit,0.9215
hit,0.3996
hit,0.2918
hit,1.5996
hit,0.2978
hit,0.3264
hit,0.2904
hit,0.4098
hit,1.3919
hit,2.0049
hit,1.8401
hit,0.3846
hit,0.2775
hit,0.2954
hit,0.258
hit,0.2642
hit,0.7179
hit,0.5815
hit,1.0488
hit,0.3779
hit,0.8404
hit,0.3018
hit,0.2553
hit,0.2599
hit,0.8979
hit,0.2959
hit,1.0798
hit,0.7367
hit,0.783
hit,0.267
hit,0.2615
hit,0.3009
hit,0.2909
hit,0.3192
hit,0.3028
hit,1.2331
hit,0.3126
hit,0.319
hit,0.3235
hit,0.3879
hit,0.2985
hit,0.2697
hit,0.2551
hit,0.5884
hit,0.6125
hit,0.3343
hit,1.4367
hit,0.2913
hit,1.3304
hit,0.8492
hit,0.3059
hit,2.4011
hit,0.7637
hit,0.53
hit,0.3226
hit,0.3469
hit,0.2954
hit,0.3333
hit,1.1551
hit,0.9401
hit,0.6533
hit,0.3576
hit,0.3777
hit,2.656
hit,3.3371
hit,0.4101
hit,1.1177
hit,0.9739
hit,0.7849
hit,0.7265
hit,0.6237
hit,0.3238
hit,0.2985
hit,0.7265
hit,0.2916
hit,0.6356
hit,0.699
hit,0.6051
hit,0.3676
hit,0.4907
hit,0.3088
hit,1.1909
hit,0.3531
hit,0.3161
hit,0.314
hit,0.6371
hit,0.3004
hit,0.6444
hit,2.0885
hit,0.7191
hit,1.018
hit,0.2954
hit,2.2826
hit,0.3078
hit,0.2759
hit,0.2594
hit,0.2499
hit,0.2327
hit,0.2491
hit,0.9739
hit,0.6006
hit,0.2747
hit,0.3128
hit,0.3891
hit,1.1156
hit,0.4425
hit,0.71
hit,0.3731
hit,0.6294
hit,0.3381
hit,0.4849
hit,0.3717
hit,0.3164
hit,0.4497
hit,0.3269
hit,0.3724
hit,1.8597
hit,0.7818
hit,0.6921
hit,2.4483
hit,1.5903
hit,0.669
hit,0.3421
hit,0.6828
hit,0.623
hit,0.2975
hit,1.5543
hit,0.2983
hit,0.773
hit,0.3157
hit,1.9298
hit,0.3066
hit,0.3047
hit,0.4056
hit,0.3746
hit,0.351
hit,1.1966
hit,0.3324
hit,0.3359
hit,0.937
hit,0.8481
hit,0.3619
hit,0.3402
hit,0.3459
hit,0.3238
hit,0.4947
hit,0.3409
hit,0.3192
hit,0.2856
hit,0.8907
hit,0.3269
hit,2.0659
hit,1.0083
hit,0.6211
hit,0.3066
hit,0.2825
hit,0.2916
hit,0.232
hit,0.5553
hit,0.376
hit,0.3176
hit,0.9177
hit,0.3192
hit,0.7844
hit,1.2295
hit,1.6975
hit,0.3164
hit,0.8929
hit,1.2689
hit,0.9978
hit,0.3526
hit,0.4072
hit,0.2847
hit,0.3352
hit,0.3443
hit,0.2992
hit,0.2975
hit,0.392
hit,0.3912
hit,2.5821
hit,0.2918
hit,2.2407
hit,0.4585
hit,0.5097
hit,0.4539
hit,0.4315
hit,0.7653
hit,1.8826
hit,0.7076
hit,0.9148
hit,0.3047
hit,0.2568
hit,0.2446
hit,0.2921
hit,3.0804
hit,0.3159
hit,0.2818
hit,0.4125
hit,1.5097
hit,0.2773
hit,1.0803
hit,0.746
hit,0.2778
hit,0.2925
hit,0.8814
hit,0.7236
hit,1.8082
hit,0.2789
hit,0.3099
hit,0.3114
hit,0.6609
hit,1.0757
hit,0.349
hit,0.2728
hit,0.2599
hit,0.2642
hit,0.8545
hit,0.2902
hit,0.2811
hit,2.569
hit,0.9053
hit,1.1072
hit,0.7491
hit,1.3666
hit,0.2975
hit,0.252
hit,0.2635
hit,0.2954
hit,0.6862
hit,0.7684
hit,0.6905
hit,0.3119
hit,1.3695
hit,0.3309
hit,0.824
hit,0.3977
hit,0.3688
hit,0.4067
hit,0.3512
hit,0.3901
hit,0.7017
hit,0.3896
hit,0.3536
hit,0.3297
hit,0.3924
hit,0.2954
hit,0.3088
hit,0.3402
hit,1.0173
hit,0.4046
hit,1.2093
hit,0.5817
hit,0.9985
hit,0.9184
hit,0.7532
hit,0.6869
hit,2.5434
hit,0.7141
hit,0.3164
hit,0.3066
hit,0.9222
hit,1.4274
hit,1.538
hit,4.6706
hit,1.564
hit,0.9732
hit,1.8325
hit,1.5287
hit,0.3004
hit,0.617
hit,0.9274
hit,0.9234
hit,0.3397
hit,0.8187
hit,0.8755
hit,0.2964
hit,1.8141
hit,0.8857
hit,0.6411
hit,1.3115
hit,0.2761
hit,0.2925
hit,0.267
hit,0.2348
hit,4.5857
hit,0.8028
hit,2.4276
hit,0.9387
hit,0.5758
hit,0.3185
hit,0.6692
hit,2.8729
hit,0.694
hit,0.5941
hit,0.3607
hit,0.6235
hit,0.664
hit,1.6692
hit,0.6144
hit,0.3073
hit,0.5951
hit,1.5333
hit,0.8459
hit,1.9128
hit,1.5886
hit,1.0381
hit,0.7358
hit,2.3484
hit,0.7765
hit,0.6809
hit,1.0798
hit,0.7522
hit,0.3257
hit,0.6964
hit,0.813
hit,0.2964
hit,1.9908
hit,0.7622
hit,0.8051
hit,0.7553
hit,0.9053
hit,0.6671
hit,0.7715
hit,0.7172
hit,0.7229
hit,0.895
hit,0.916
hit,1.267
hit,1.0061
hit,1.0815
hit,0.6447
hit,0.736
hit,0.9608
hit,0.8767
hit,0.3614
hit,0.4437
hit,0.9375
hit,0.324
hit,3.0968
hit,0.798
hit,7.8433
hit,0.7675
hit,0.674
hit,0.4039
hit,0.7837
hit,0.9046
hit,1.0717
hit,0.3104
hit,0.7832
hit,1.2114
hit,0.819
hit,2.1861
hit,0.2904
hit,0.2589
hit,0.7935
hit,0.288
hit,0.6838
hit,0.2851
hit,0.2663
hit,0.2646
hit,0.6521
hit,0.6933
hit,0.4885
hit,0.3734
hit,0.8681
hit,1.2012
hit,1.2176
hit,0.2999
hit,0.9029
hit,0.298
hit,0.8681
hit,0.7582
hit,0.3393
hit,0.8047
hit,1.9197
hit,1.0464
hit,0.6785
hit,0.7377
hit,0.7524
hit,0.9222
hit,1.9124
hit,1.1756
hit,0.8597
hit,0.4752
hit,0.3912
hit,0.8602
hit,0.6731
hit,0.3393
hit,0.4125
hit,0.7102
hit,0.3939
hit,1.07
hit,0.3242
hit,0.3474
hit,0.7911
hit,1.0407
hit,0.7644
hit,1.4539
hit,0.6177
hit,0.7949
hit,0.4268
hit,0.3638
hit,0.3605
hit,0.3576
hit,0.4315
hit,0.6857
hit,0.5069
hit,0.3259
hit,0.4232
hit,0.7215
hit,0.4709
hit,0.3633
hit,0.3669
hit,0.879
hit,0.4611
hit,0.3936
hit,0.4423
hit,0.4056
hit,0.4466
hit,0.3872
hit,0.3285
hit,0.2761
hit,0.3328
hit,0.8252
hit,0.3519
hit,0.6263
hit,0.819
hit,0.7374
hit,0.8752
hit,0.4106
hit,0.8342
hit,0.5829
hit,0.3307
hit,0.4466
hit,0.3905
hit,0.4809
hit,0.4282
hit,0.8774
hit,0.3235
hit,0.3595
hit,0.4153
hit,0.7424
hit,0.4559
hit,0.4673
hit,0.4587
hit,0.6793
hit,0.3943
hit,1.3106
hit,0.299
hit,0.6504
hit,0.6533
hit,0.289
hit,0.325
hit,0.8717
hit,0.7474
hit,0.3681
hit,0.6363
hit,0.3221
hit,0.3371
hit,1.8511
hit,0.3533
hit,0.3273
hit,0.2704
hit,0.9637
hit,1.4033
hit,0.3273
hit,0.2589
hit,1.9546
hit,2.2318
hit,1.0123
hit,0.5293
hit,0.3438
hit,0.3145
hit,0.8705
hit,0.2968
hit,0.2856
hit,0.2661
hit,0.3345
hit,1.6544
hit,0.9952
hit,0.5784
hit,0.3543
hit,0.3145
hit,0.3355
hit,0.3417
hit,0.33
hit,0.3033
hit,3.7119
hit,0.387
hit,0.2997
hit,0.6826
hit,0.3138
hit,0.3562
hit,1.0557
hit,0.3121
hit,1.3387
hit,0.566
hit,0.6948
hit,0.6669
hit,0.9942
hit,0.3066
hit,0.6454
hit,0.3872
hit,0.3681
hit,0.4034
hit,0.3297
hit,0.262
hit,0.2568
hit,0.7026
hit,0.5908
hit,0.6609
hit,0.3712
hit,0.6056
hit,0.3364
hit,0.8123
hit,0.2842
hit,0.8588
hit,0.8299
hit,0.3331
hit,0.6251
hit,0.6034
hit,0.9055
hit,0.6387
hit,0.4549
hit,0.4244
hit,0.3777
hit,0.3271
hit,0.3517
hit,0.4096
hit,0.4272
hit,0.334
hit,0.4683
hit,0.6616
hit,0.4492
hit,0.375
hit,0.3874
hit,1.1849
hit,0.9215
hit,0.3614
hit,1.3962
hit,0.4201
hit,0.6468
hit,0.7579
hit,0.4663
hit,1.1837
hit,0.4215
hit,0.8159
hit,0.4754
hit,0.4416
hit,0.4518
hit,0.479
hit,0.4485
hit,0.5968
hit,0.5584
hit,0.5043
hit,0.4547
hit,0.4528
hit,0.5033
hit,0.8357
hit,0.962
hit,1.5035
hit,0.3736
hit,1.7409
hit,0.4187
hit,0.6819
hit,0.3951
hit,0.453
hit,1.5538
hit,0.6289
hit,0.3202
hit,0.3171
hit,0.3097
hit,0.319
hit,0.4182
hit,0.4542
hit,0.68
hit,0.8652
hit,0.3948
hit,0.6723
hit,0.355
hit,0.355
hit,0.4318
hit,0.4227
hit,0.3476
hit,0.3283
hit,0.324
hit,0.5746
hit,0.4015
hit,0.4532
hit,0.4072
hit,0.3986
hit,0.376
hit,0.3324
hit,0.4067
hit,0.9782
hit,0.3443
hit,0.6707
hit,0.5202
hit,0.4175
hit,0.4077
hit,9.2366
hit,0.4187
hit,0.4177
hit,0.5057
hit,0.478
hit,0.4728
hit,0.6871
hit,0.4792
hit,0.4451
hit,0.4456
hit,0.4759
hit,6.8996
hit,0.6049
hit,1.3311
hit,0.427
hit,0.6213
hit,0.4697
hit,0.422
hit,0.3664
hit,0.3879
hit,0.4451
hit,0.4044
hit,0.4475
hit,0.397
hit,0.4323
hit,0.3929
hit,0.4046
hit,0.3765
hit,0.4027
hit,0.6056
hit,0.556
hit,0.6261
hit,0.6688
hit,0.4334
hit,0.4394
hit,0.6511
hit,0.4051
hit,0.3526
hit,0.3152
hit,0.5193
hit,0.3521
hit,0.3848
hit,0.4079
hit,1.8911
hit,0.4845
hit,0.5951
hit,1.2543
hit,0.4458
hit,0.4621
hit,0.4325
hit,0.9828
hit,0.4125
hit,0.4196
hit,0.452
hit,0.4907
hit,0.8328
hit,0.5319
hit,0.4573
hit,0.4804
hit,0.8078
hit,1.2877
hit,0.4163
hit,0.9549
hit,0.3648
hit,0.7391
hit,0.4277
hit,0.4001
hit,0.4146
hit,0.5493
hit,0.4542
hit,0.3552
hit,0.6125
hit,0.4306
hit,0.6108
hit,0.3715
hit,1.8675
hit,0.4268
hit,0.452
hit,0.4463
hit,0.4721
hit,0.7825
hit,0.5002
hit,0.3421
hit,0.6125
hit,0.33
hit,0.4191
hit,0.376
hit,0.4146
hit,0.4258
hit,0.3557
hit,0.3664
hit,0.3946
hit,0.4215
hit,0.8688
hit,0.4778
hit,0.417
hit,0.386
hit,0.3753
hit,0.3738
hit,0.3383
hit,1.2538
hit,0.7658
hit,0.4799
hit,0.3819
hit,0.3088
hit,0.3352
hit,0.6409
hit,0.5996
hit,1.5097
hit,0.3695
hit,0.3874
hit,0.4549
hit,0.4339
hit,0.639
hit,0.5047
hit,0.4163
hit,0.5064
hit,0.3839
hit,1.5519
hit,0.432
hit,0.411
hit,1.0762
hit,0.4902
hit,0.3281
hit,0.3822
hit,0.4098
hit,0.4814
hit,0.3831
hit,0.3026
hit,0.6084
hit,0.4253
hit,0.4566
hit,0.3901
hit,3.8197
hit,0.5095
hit,0.6018
hit,0.6175
hit,0.4396
hit,1.4501
hit,0.5424
hit,0.7489
hit,0.905
hit,0.737
hit,0.4106
hit,0.3426
hit,0.3302
hit,1.6215
hit,0.6263
hit,0.3507
hit,0.3028
hit,0.2635
hit,0.3591
hit,0.3142
hit,0.386
hit,0.3483
hit,0.3881
hit,0.7131
hit,0.4103
hit,0.3371
hit,0.3097
hit,0.3386
hit,0.7842
hit,0.3626
hit,0.3946
hit,0.4325
hit,0.433
hit,0.452
hit,0.3624
hit,0.3009
hit,0.2527
hit,0.5882
hit,1.0903
hit,0.3753
hit,0.3972
hit,0.308
hit,0.4864
hit,0.6309
hit,0.4177
hit,0.2985
hit,3.1323
hit,0.8185
hit,0.4058
hit,0.3362
hit,0.4756
hit,0.3977
hit,0.3562
hit,0.4547
hit,0.7091
hit,0.4854
hit,0.597
hit,0.4494
hit,0.5374
hit,0.5157
hit,0.5207
hit,0.5565
hit,0.7088
hit,0.4497
hit,1.0116
hit,0.5002
hit,0.3595
hit,0.3972
hit,0.7195
hit,0.3846
hit,0.4442
hit,0.4029
hit,0.4127
hit,0.6893
hit,0.9298
hit,0.38
hit,0.4556
hit,0.3147
hit,0.3016
hit,0.2975
hit,0.7408
hit,0.5667
hit,0.3755
hit,0.4461
hit,1.6129
hit,0.6363
hit,0.4146
hit,1.4336
hit,0.6373
hit,1.678
hit,0.4129
hit,0.5584
hit,0.7243
hit,0.3135
hit,0.3347
hit,0.9959
hit,0.3328
hit,0.2985
hit,0.3138
hit,1.6725
hit,0.6394
hit,0.3073
hit,0.2699
hit,0.8509
hit,1.4098
hit,0.7472
hit,0.7718
hit,0.6199
hit,0.6196
hit,0.325
hit,0.4375
hit,1.3719
hit,1.487
hit,0.8867
hit,0.3457
hit,0.2856
hit,0.3207
hit,0.4175
hit,0.2933
hit,1.9298
hit,1.1961
hit,0.3009
hit,1.5433
hit,1.0161
hit,0.3016
hit,0.6196
hit,0.6428
hit,1.3292
hit,0.5691
hit,1.5635
hit,0.8442
hit,1.4467
hit,1.7776
hit,2.0812
hit,2.5797
hit,0.3285
hit,0.8855
hit,0.2997
hit,1.5879
hit,1.2798
hit,0.3614
hit,1.0607
hit,0.3302
hit,0.8235
hit,0.7405
hit,0.4637
hit,0.742
hit,0.4151
hit,0.3524
hit,0.6735
hit,0.3967
hit,0.7408
hit,0.3793
hit,0.3521
hit,0.4594
hit,0.3595
hit,0.3433
hit,0.2811
hit,1.404
hit,0.4504
hit,0.3397
hit,0.7179
hit,0.3369
hit,0.9017
hit,0.3572
hit,1.0612
hit,0.423
hit,0.6955
hit,0.9048
hit,0.4406
hit,1.0328
hit,0.6967
hit,0.3138
hit,0.4644
hit,0.8848
hit,0.7591
hit,0.896
hit,0.3064
hit,0.2527
hit,0.2642
hit,0.3033
hit,0.3109
hit,0.2558
hit,0.2811
hit,0.2978
hit,0.9608
hit,0.2639
hit,1.8172
hit,0.6449
hit,0.3705
hit,1.543
hit,1.7302
hit,2.5089
hit,1.3666
hit,2.7306
hit,0.3433
hit,0.344
hit,0.6452
hit,0.4618
hit,0.3445
hit,0.9196
hit,1.0872
hit,0.8581
hit,0.6046
hit,1.0045
hit,0.3929
hit,0.6773
hit,0.6182
hit,0.891
hit,0.8488
hit,1.0965
hit,1.7748
hit,0.6247
hit,0.7672
hit,0.4027
hit,0.7126
hit,0.8342
hit,0.334
hit,0.3531
hit,0.3328
hit,0.9675
hit,0.4168
hit,0.7424
hit,0.9654
hit,1.0359
hit,0.4978
hit,1.4074
hit,1.1263
hit,2.3019
hit,0.9449
hit,0.5848
hit,0.988
hit,1.0374
hit,0.7613
hit,0.9658
hit,0.3498
hit,2.3661
hit,0.7389
hit,0.8714
hit,0.7985
hit,0.8962
hit,0.7861
hit,0.8006
hit,0.8481
hit,0.8309
hit,0.6449
hit,0.2818
hit,0.9954
hit,0.2978
hit,0.3021
hit,1.0877
hit,0.4203
hit,0.5093
hit,0.4179
hit,0.8383
hit,0.3963
hit,0.3722
hit,0.53
hit,0.3703
hit,0.4048
hit,0.7944
hit,0.3321
hit,0.313
hit,0.3629
hit,1.4346
hit,0.4625
hit,0.4811
hit,0.3295
hit,0.8919
hit,0.6051
hit,0.3037
hit,0.7348
hit,2.2457
hit,1.117
hit,0.7241
hit,0.7834
hit,0.3436
hit,0.8371
hit,0.6306
hit,0.3157
hit,0.8752
hit,0.3009
hit,0.2954
hit,0.8504
hit,0.3371
hit,2.5916
hit,0.9568
hit,0.4194
hit,0.5045
hit,1.7982
hit,0.6201
hit,0.345
hit,1.1806
hit,0.2799
hit,0.2711
hit,0.3388
hit,0.3104
hit,0.258
hit,0.2558
hit,0.2661
hit,0.9396
hit,1.5523
hit,0.283
hit,0.7772
hit,0.7689
hit,0.6669
hit,0.6289
hit,1.9231
hit,1.6918
hit,1.2031
hit,0.3166
hit,0.591
hit,0.6135
hit,2.0857
hit,0.5362
hit,0.3457
hit,0.9427
hit,1.1201
hit,0.4382
hit,2.2554
hit,0.4027
hit,0.3421
hit,0.4399
hit,0.2995
hit,0.6132
hit,0.3459
hit,0.4666
hit,1.3177
hit,0.7279
hit,0.7513
hit,0.6237
hit,0.3378
hit,0.7381
hit,0.5221
hit,0.7288
hit,1.1125
hit,0.9744
hit,0.3459
hit,0.3972
hit,0.4954
hit,0.3901
hit,0.3178
hit,3.9039
hit,0.3438
hit,0.3297
hit,0.3512
hit,0.3889
hit,0.4194
hit,0.5748
hit,0.4487
hit,1.1947
hit,0.5476
hit,0.3135
hit,0.2663
hit,0.2718
hit,0.8049
hit,0.3607
hit,0.3119
hit,0.3185
hit,0.9093
hit,0.3445
hit,0.3626
hit,0.8409
hit,0.8142
hit,0.7565
hit,0.3562
hit,0.5898
hit,0.3493
hit,0.3512
hit,0.9799
hit,0.3922
hit,0.7815
hit,0.3438
hit,0.5314
hit,1.1086
hit,0.3805
hit,0.4253
hit,0.4261
hit,0.3617
hit,0.3366
hit,0.6278
hit,1.2176
hit,0.4599
hit,0.6483
hit,0.4344
hit,0.4041
hit,0.3576
hit,0.9859
hit,0.6816
hit,0.4034
hit,0.4756
hit,0.6289
hit,0.3765
hit,0.5872
hit,0.3512
hit,0.3376
hit,0.3812
hit,0.3781
hit,0.3204
hit,0.7293
hit,0.8562
hit,0.335
hit,0.8254
hit,0.2759
hit,1.6932
hit,0.896
hit,0.3512
hit,0.3245
hit,0.5789
hit,0.5465
hit,0.2863
hit,0.2925
hit,0.2291
hit,0.356
hit,0.3207
hit,0.3188
hit,0.3581
hit,0.3188
hit,0.2754
hit,0.3428
hit,0.8543
hit,0.4048
hit,0.9165
hit,0.3669
hit,0.603
hit,0.7129
hit,0.9186
hit,0.2916
hit,2.573
hit,0.3347
hit,0.6304
hit,0.453
hit,0.3476
hit,0.2778
hit,0.2801
hit,0.2673
hit,0.2422
hit,0.3979
hit,0.3045
hit,0.3233
hit,0.5403
hit,0.3054
hit,0.5929
hit,0.3209
hit,0.3023
hit,1.8492
hit,1.4493
hit,0.3293
hit,0.2785
hit,0.2933
hit,0.5653
hit,0.3102
hit,0.6654
hit,0.7946
hit,2.219
hit,0.3479
hit,0.3471
hit,0.3893
hit,1.159
hit,0.349
hit,0.334
hit,0.4826
hit,0.8204
hit,0.783
hit,0.798
hit,1.3421
hit,0.8454
hit,0.5319
hit,0.7222
hit,0.3927
hit,0.5481
hit,0.4067
hit,0.3407
hit,0.3495
hit,0.5865
hit,0.5856
hit,0.3729
hit,0.3824
hit,0.3138
hit,0.2546
hit,0.3395
hit,0.3676
hit,2.6987
hit,0.284
hit,0.2887
hit,0.2596
hit,2.3942
hit,0.3445
hit,0.9284
hit,2.0072
hit,0.6764
hit,0.303
hit,0.3242
hit,0.3235
hit,0.3603
hit,0.7043
hit,0.2949
hit,0.6902
hit,0.3495
hit,0.3359
hit,0.3414
hit,0.3524
hit,0.3731
hit,0.5336
hit,1.1785
hit,0.3138
hit,0.2458
hit,0.8934
hit,0.2792
hit,0.7968
hit,0.6585
hit,0.3653
hit,0.3293
hit,0.4961
hit,0.8209
hit,0.3521
hit,0.5412
hit,0.3927
hit,0.5469
hit,0.3943
hit,0.8137
hit,0.4003
hit,0.4013
hit,0.433
hit,0.6518
hit,0.3645
hit,0.4299
hit,0.3719
hit,0.7648
hit,0.4003
hit,0.4652
hit,0.814
hit,0.6402
hit,1.5278
hit,0.747
hit,0.3037
hit,0.3273
hit,0.349
hit,0.3016
hit,2.1551
hit,0.3328
hit,0.32
hit,0.7405
hit,0.7119
hit,1.6937
hit,1.5743
hit,2.0926
hit,0.3185
hit,0.562
hit,0.6039
hit,1.3764
hit,0.2828
hit,0.2472
hit,2.2378
hit,0.3052
hit,0.3223
hit,0.4041
hit,0.7308
hit,0.3247
hit,0.3207
hit,0.3247
hit,0.6282
hit,0.4146
hit,0.3595
hit,1.2293
hit,0.8481
hit,0.8049
hit,1.4384
hit,0.8543
hit,0.329
hit,0.7267
hit,0.6382
hit,0.4075
hit,0.9539
hit,0.3686
hit,0.3576
hit,0.6447
hit,1.2307
hit,0.6812
hit,0.5953
hit,0.8736
hit,0.4261
hit,0.325
hit,0.8512
hit,0.3183
hit,0.695
hit,1.0648
hit,0.2894
hit,0.2849
hit,0.2806
hit,0.2327
hit,0.2191
hit,0.2155
hit,0.2427
hit,0.2346
hit,0.3145
hit,0.6673
hit,0.3257
hit,0.8531
hit,0.4036
hit,0.6857
hit,2.1002
hit,1.029
hit,0.6616
hit,4.1366
hit,0.3736
hit,0.2978
hit,1.2488
hit,0.3529
hit,0.3221
hit,0.3023
hit,0.3445
hit,2.0423
hit,0.3612
hit,1.1866
hit,0.319
hit,0.6552
hit,0.6666
hit,1.7629
hit,0.4258
hit,0.3872
hit,0.7794
hit,0.3984
hit,1.0512
hit,0.6173
hit,0.8409
hit,8.3327
hit,0.3908
hit,0.8535
hit,0.4418
hit,0.8368
hit,0.3915
hit,0.3574
hit,0.7596
hit,0.4506
hit,1.3871
hit,0.3607
hit,0.3374
hit,0.3123
hit,0.303
hit,0.9916
hit,0.3071
hit,0.844
hit,0.8676
hit,1.7145
hit,2.2511
hit,1.1086
hit,1.595
hit,0.3164
hit,1.6088
hit,1.4465
hit,0.4022
hit,0.7329
hit,0.6013
hit,0.2897
hit,0.2778
hit,0.2997
hit,0.2704
hit,0.5827
hit,0.5682
hit,0.8442
hit,0.2866
hit,1.2035
hit,0.8142
hit,0.2787
hit,0.7541
hit,0.8094
hit,0.3092
hit,0.4168
hit,0.6318
hit,1.3645
hit,0.7124
hit,0.4406
hit,1.7245
hit,0.3746
hit,0.941
hit,1.3397
hit,1.5738
hit,0.2506
hit,0.8175
hit,0.6447
hit,2.4507
hit,0.2878
hit,1.653
hit,0.7951
hit,0.3088
hit,0.9899
hit,0.6101
